authority,project,city,province,priority,objective,current_status,next_action
Comune di Settimo Milanese,ML8,Settimo Milanese,MI,high,Identificare developer,Aperta,Ricerca SUAP e urbanistica
Comune di Settimo Milanese,ML9,Settimo Milanese,MI,high,Identificare developer,Aperta,Ricerca SUAP e urbanistica
Comune di Settimo Milanese,Vantage,Settimo Milanese,MI,medium,Ricostruire iter autorizzativo,Aperta,Verifica delibere e conferenze servizi
Comune di Settimo Milanese,ML7,Settimo Milanese,MI,medium,Ricostruire iter autorizzativo,Aperta,Verifica delibere e conferenze servizi
Comune di Cornaredo,DATA4 Cornaredo,Cornaredo,MI,medium,Identificare contractor aggiuntivi,Aperta,Verifica urbanistica e opere accessorie
Comune di Roma,ROM1,Roma,RM,medium,Verificare stato avanzamento,Aperta,Verifica Municipio IX e atti pubblici
Comune di Segrate,CyrusOne MIL1,Segrate,MI,medium,Identificare iter autorizzativo,Aperta,Verifica urbanistica
Comune di Bornasco,Microsoft Bornasco,Bornasco,PV,medium,Identificare soggetti coinvolti,Aperta,Verifica atti comunali
Comune di Lacchiarella,Apto Lacchiarella,Lacchiarella,MI,medium,Identificare contractor e stato,Aperta,Verifica atti comunali
